{
  "backprop" : true,
  "backpropType" : "Standard",
  "cacheMode" : "NONE",
  "defaultConfiguration" : {
    "cacheMode" : "NONE",
    "iterationCount" : 0,
    "l1ByParam" : { },
    "l2ByParam" : { },
    "layer" : null,
    "leakyreluAlpha" : 0.0,
    "learningRateByParam" : { },
    "learningRatePolicy" : "None",
    "lrPolicyDecayRate" : "NaN",
    "lrPolicyPower" : "NaN",
    "lrPolicySteps" : "NaN",
    "maxNumLineSearchIterations" : 5,
    "miniBatch" : true,
    "minimize" : true,
    "numIterations" : 1,
    "optimizationAlgo" : "STOCHASTIC_GRADIENT_DESCENT",
    "pretrain" : false,
    "seed" : 1520130075105,
    "stepFunction" : null,
    "useDropConnect" : false,
    "useRegularization" : false,
    "variables" : [ "LSTM-1_W", "LSTM-1_RW", "LSTM-1_b", "Output_W", "Output_b" ]
  },
  "inferenceWorkspaceMode" : "SINGLE",
  "iterationCount" : 1001,
  "networkInputs" : [ "input" ],
  "networkOutputs" : [ "Output" ],
  "pretrain" : false,
  "tbpttBackLength" : 20,
  "tbpttFwdLength" : 20,
  "trainingWorkspaceMode" : "SINGLE",
  "vertexInputs" : {
    "LSTM-1" : [ "input" ],
    "Output" : [ "LSTM-1" ]
  },
  "vertices" : {
    "LSTM-1" : {
      "LayerVertex" : {
        "layerConf" : {
          "cacheMode" : "NONE",
          "iterationCount" : 0,
          "l1ByParam" : {
            "b" : 0.0,
            "RW" : 0.0,
            "W" : 0.0
          },
          "l2ByParam" : {
            "b" : 0.0,
            "RW" : 0.0,
            "W" : 0.0
          },
          "layer" : {
            "gravesLSTM" : {
              "activationFn" : {
                "TanH" : { }
              },
              "adamMeanDecay" : 0.9,
              "adamVarDecay" : 0.999,
              "biasInit" : 0.0,
              "biasLearningRate" : 0.005,
              "dist" : null,
              "dropOut" : 0.2,
              "epsilon" : 1.0E-8,
              "forgetGateBiasInit" : 1.0,
              "gateActivationFn" : {
                "Sigmoid" : { }
              },
              "gradientNormalization" : "None",
              "gradientNormalizationThreshold" : 1.0,
              "iupdater" : {
                "@class" : "org.nd4j.linalg.learning.config.Adam",
                "beta1" : 0.9,
                "beta2" : 0.999,
                "epsilon" : 1.0E-8,
                "learningRate" : 0.005
              },
              "l1" : 0.0,
              "l1Bias" : 0.0,
              "l2" : 0.0,
              "l2Bias" : 0.0,
              "layerName" : "LSTM-1",
              "learningRate" : 0.005,
              "learningRateSchedule" : null,
              "momentum" : "NaN",
              "momentumSchedule" : null,
              "nin" : 35,
              "nout" : 64,
              "rho" : "NaN",
              "rmsDecay" : "NaN",
              "updater" : "ADAM",
              "weightInit" : "XAVIER"
            }
          },
          "leakyreluAlpha" : 0.0,
          "learningRateByParam" : {
            "b" : 0.005,
            "RW" : 0.005,
            "W" : 0.005
          },
          "learningRatePolicy" : "None",
          "lrPolicyDecayRate" : "NaN",
          "lrPolicyPower" : "NaN",
          "lrPolicySteps" : "NaN",
          "maxNumLineSearchIterations" : 5,
          "miniBatch" : true,
          "minimize" : true,
          "numIterations" : 1,
          "optimizationAlgo" : "STOCHASTIC_GRADIENT_DESCENT",
          "pretrain" : false,
          "seed" : 1520130075105,
          "stepFunction" : null,
          "useDropConnect" : false,
          "useRegularization" : false,
          "variables" : [ "W", "RW", "b" ]
        },
        "outputVertex" : false,
        "preProcessor" : null
      }
    },
    "Output" : {
      "LayerVertex" : {
        "layerConf" : {
          "cacheMode" : "NONE",
          "iterationCount" : 0,
          "l1ByParam" : {
            "b" : 0.0,
            "W" : 0.0
          },
          "l2ByParam" : {
            "b" : 0.0,
            "W" : 0.0
          },
          "layer" : {
            "rnnoutput" : {
              "activationFn" : {
                "Softmax" : { }
              },
              "adamMeanDecay" : 0.9,
              "adamVarDecay" : 0.999,
              "biasInit" : 0.0,
              "biasLearningRate" : 0.005,
              "dist" : null,
              "dropOut" : 0.0,
              "epsilon" : 1.0E-8,
              "gradientNormalization" : "None",
              "gradientNormalizationThreshold" : 1.0,
              "iupdater" : {
                "@class" : "org.nd4j.linalg.learning.config.Adam",
                "beta1" : 0.9,
                "beta2" : 0.999,
                "epsilon" : 1.0E-8,
                "learningRate" : 0.005
              },
              "l1" : 0.0,
              "l1Bias" : 0.0,
              "l2" : 0.0,
              "l2Bias" : 0.0,
              "layerName" : "Output",
              "learningRate" : 0.005,
              "learningRateSchedule" : null,
              "lossFn" : {
                "MCXENT" : {
                  "softmaxClipEps" : 1.0E-10
                }
              },
              "lossFunction" : "MCXENT",
              "momentum" : "NaN",
              "momentumSchedule" : null,
              "nin" : 64,
              "nout" : 6,
              "rho" : "NaN",
              "rmsDecay" : "NaN",
              "updater" : "ADAM",
              "weightInit" : "XAVIER"
            }
          },
          "leakyreluAlpha" : 0.0,
          "learningRateByParam" : {
            "b" : 0.005,
            "W" : 0.005
          },
          "learningRatePolicy" : "None",
          "lrPolicyDecayRate" : "NaN",
          "lrPolicyPower" : "NaN",
          "lrPolicySteps" : "NaN",
          "maxNumLineSearchIterations" : 5,
          "miniBatch" : true,
          "minimize" : true,
          "numIterations" : 1,
          "optimizationAlgo" : "STOCHASTIC_GRADIENT_DESCENT",
          "pretrain" : false,
          "seed" : 1520130075105,
          "stepFunction" : null,
          "useDropConnect" : false,
          "useRegularization" : false,
          "variables" : [ "W", "b" ]
        },
        "outputVertex" : false,
        "preProcessor" : null
      }
    }
  }
}